{
    "readtime": 1678956911.9698563,
    "timestamp": 1678956911.9346762
}